[
  {
    "id": 0,
    "remarks": "pojiezhiyuanjun/freev2",
    "site": "https://github.com/pojiezhiyuanjun/freev2",
    "url": "https://raw.githubusercontent.com/pojiezhiyuanjun/freev2/master/0210.txt",
    "update_method": "change_date",
    "enabled": true
  },
  {
    "id": 1,
    "remarks": "Nodefree.org",
    "site": "https://github.com/Fukki-Z/nodefree",
    "url": "https://nodefree.org/dy/202212/20221231.txt",
    "update_method": "change_date",
    "enabled": true
  },
  {
    "id": 2,
    "remarks": "mianfeifq/share",
    "site": "https://github.com/mianfeifq/share",
    "url": "https://raw.githubusercontent.com/mianfeifq/share/main/data2023025.txt",
    "update_method": "page_release",
    "enabled": true
  },
  {
    "id": 3,
    "remarks": "FiFier/v2rayShare",
    "site": "https://github.com/FiFier/v2rayShare",
    "url": "https://v2rayshare.com/wp-content/uploads/2023/02/20230210.txt",
    "update_method": "change_date",
    "enabled": true
  },
  {
    "id": 4,
    "remarks": "huanongkejizhijia/clashnode",
    "site": "https://github.com/huanongkejizhijia/clashnode",
    "url": "https://clashnode.com/wp-content/uploads/2023/02/20230210.txt",
    "update_method": "change_date",
    "enabled": true
  },
  {
    "id": 5,
    "remarks": "RenaLio/Mux2sub",
    "site": "https://github.com/RenaLio/Mux2sub",
    "url": "https://freedog.buzz/link/qjlYYgPi5S1qSiwo?clash=1|https://www.ckcloud.xyz/api/v1/client/subscribe?token=0cb4cafb14086968cc2f766cec46c4bb|https://fastestcloud.xyz/api/v1/client/subscribe?token=9a77ccbaea1432897c190630371fafef|https://www.jafiyun.today/link/pYrkx3aZGLM9SzMI?sub=3|https://apt.download-config-ppy.cyou/link/ZOPbDZwtErZ4AUC0?clash=1|https://one.ginfem.com/link/3J5X92lLky3caKIs?clash=1|https://www.yzhxr.vip/link/jdTgNIiROPcV4kTx?clash=1|https://www.jafiyun.today/link/rUI0BsBsgZ4i8SjG?clash=1|https://shan-cloud.xyz/api/v1/client/subscribe?token=ecc2d970d20ba72abdb130540b1f57ee|https://ubuntu.download-config-dotu.cyou/link/tEe10epv7PdWJx9r?clash=1|https://welink.233.tw/api/v1/client/subscribe?token=8d319c81bdace317504c1d0fb0eeef1e|https://www.wogwog.top/link/riKcsSDBy9bUVxy3?clash=1|https://feiniaoyun.xyz/api/v1/client/subscribe?token=b33ca481ee0ca54b3677476ad3059463|https://www.iacgbt.com/link/ukANI5yv8zeWK9R1?sub=3|https://cdn-01.example.help.cn.faster.aliyuncdn.life/link/bkiYypnBOnuafgYN?clash=1|https://www.cloudorg.uk/api/v1/client/subscribe?token=846a293a5e6133b1fce195311f2e9909|https://fastestcloud.xyz/api/v1/client/subscribe?token=76ce5b224bad56fed335fa3cabcc1fe3|https://sub.hazz.win/api/v1/client/subscribe?token=be655d04de20377e2fc60333deb186c4|https://dy.xiaozhupeiqix.com/link/FJTe4MZcSWg7Wd9M?clash=1|https://v2board.co/api/v1/client/subscribe?token=b47a9f0bfa6ca0e1451b2d132ed9a572|https://gkd.itjustasub.top/link/BpiPRlvU85rpKKTc?clash=1|https://github.download-config-cjl.cyou/link/ww9IwjHkD0x9VJrW?sub=3|https://lting.cyou/link/BgpYLToKrfMb26g9?clash=1|https://bigairport.date/api/v1/client/subscribe?token=1d13e767fc91e01161c37768eb5502f9|http://subs.202218.xyz/link/KNEnx7CbNLOgBXmO?clash=1|https://cxsub.pro/link/EcJJtbKtB0nYvc7n?clash=1|https://www.douluoyun.site/link/2cdqxE03NdDElHqt?clash=1|https://gfwairport.icu/api/v1/client/subscribe?token=95bb8cb6776e2c5cd6aa7ba812cb4ba6|https://www.mxssr1.top/link/116B5XPn8eovIwJI?clash=1|https://www.jafiyun.today/link/Yu1emrUhG35bPV8w?clash=1|https://www.douluoyun.site/link/nQta4e37Shc9oQh0?clash=1|https://suijiv1.club/link/YxuRtYDfKKDVyRc9?clash=1|https://quq.world/dee495db53a5db97a/link/sN4byGLLWYYHyyNo?sub=3|https://www.douluoyun.site/link/7WahSrJIGBC4pqIK?clash=1|https://shan-cloud.xyz/api/v1/client/subscribe?token=a8484fb8580e351ac02461e979a77c18|https://quq.world/dee495db53a5db97a/link/3sQ3BMjvKptesrec?sub=3|https://jiujiuliuyyds.xyz/link/56WsSi0jounvkf5T?clash=1|http://dy.luoxin.fun/link/VSXh9sq0riTusFML?clash=1|https://www.wogwog.top/link/cWpfLSPRkauhvh9l?clash=1|https://feiniaoyun.xyz/api/v1/client/subscribe?token=5e1fca100202d28df0e1643352f9b019|https://www.ckcloud.xyz/api/v1/client/subscribe?token=8714f26f4488dc237ca55e3f2ccfd813|https://cdn-01.example.help.cn.faster.aliyuncdn.life/link/TzgGvJIwbIJPNgoa?clash=1|https://www.ckcloud.xyz/api/v1/client/subscribe?token=b489cfe46662ab3b3a92dbbe17732cf1|https://update.glados-config.com/clash/97168/3630230/120145/glados.yaml|https://shan-cloud.xyz/api/v1/client/subscribe?token=124e1f57c9950905c7538625ce003c99|https://fastestcloud.xyz/api/v1/client/subscribe?token=0955332b6f7fdbed832925e56a74edde|https://fastestcloud.xyz/api/v1/client/subscribe?token=34d3ac4fddcb2dd9285e1c3a88fdd1d3|https://jiujiuliuyyds.xyz/link/lVpo6zOWP7HCN9sG?clash=1|http://subs.202218.xyz/link/ktptMibC1hMoQeF2?clash=1|https://dy.xiaozhupeiqix.com/link/G99ZLXWgLFGrgK4t?clash=1|https://yjssub.pro/link/sUTn3IccL8240AS4?clash=1|https://cxsub.pro/link/Bgo6MxV8RQhyJCyV?clash=1|https://bigairport.loan/api/v1/client/subscribe?token=9a0eaf9258f945e785554a32574115ec|https://www.douluoyun.site/link/6xR4fMD6oTje2KH0?sub=3|https://lting.cyou/link/JQVTeCT9aktvPsgg?clash=1|https://cdn-01.example.help.cn.faster.aliyuncdn.life/link/PixQYmfu2lpre25S?clash=1|https://www.kakacloud.xyz/link/JpLC8uXP55p6gkn8?clash=1|https://suijiv1.club/link/orP3yyCOmLW3mEoJ?clash=1|https://bigairport.date/api/v1/client/subscribe?token=99754d2d50e80490f3407471f9013f74|https://gkd.itjustasub.top/link/rMWdzCVRcd8nceGe?clash=1|https://bigairport.loan/api/v1/client/subscribe?token=46760a5c2d5cd11f19f79d09842587f2|https://v2board.co/api/v1/client/subscribe?token=2e3b9bc5e316ed723aa6ee062000dad4|https://shan-cloud.xyz/api/v1/client/subscribe?token=04421035360f78f0c679ab4f46475766|https://service-jaz4ivuy-1313667892.gz.apigw.tencentcs.com/link/CyZANMPnsNODfUox?clash=1|https://fastestcloud.xyz/api/v1/client/subscribe?token=7f547b127cc193c6f60a5d88b0dd60f4|https://ubuntu.download-config-dotu.cyou/link/NFFVdTGp5yFjaPBx?clash=1|https://www.yzhxr.vip/link/qocTrHFzUUbBwbCh?clash=1|https://www.cloudorg.uk/api/v1/client/subscribe?token=e5ff7efe1026fc13b0d4eb59024b266a|https://bst.xlkjjs.top/link/0418e85540896f0d?list=shadowrocket|https://service-jaz4ivuy-1313667892.gz.apigw.tencentcs.com/link/HqvkugGXMPhShV8h?clash=1|https://shan-cloud.xyz/api/v1/client/subscribe?token=5ad92ac6d4dc3850e56472aa3526ba7b|https://www.wogwog.top/link/rwJ9Opi9d7BNrPQC?clash=1|https://sub.mine.com.cn/api/v1/client/subscribe?token=04df5c684381a337239f2f096221c8aa|https://v2board.co/api/v1/client/subscribe?token=0fa80f229a7060f0715c41af442d6199|https://feiniaoyun.xyz/api/v1/client/subscribe?token=a2061fb03193a1ed30fb12aa74dc47a8|https://www.ckcloud.xyz/api/v1/client/subscribe?token=6751e8e59c70f546d16b7f8e9cb063a6|https://cdn-01.example.help.cn.faster.aliyuncdn.life/link/5BXM71tajpq3C46L?clash=1|https://apt.download-config-ppy.cyou/link/AeesPMcd0UsqsbHp?clash=1|https://one.ginfem.com/link/JwlHxUCjJzs1mRsk?clash=1|https://www.mxssr1.top/link/6TS81GeHcgEAAyNr?clash=1|https://update.glados-config.com/clash/47744/8524120/58291/glados.yaml|https://www.douluoyun.site/link/Mg95y2ku5aT1KiLW?clash=1|http://d.xyss.xyz/link/t3TVyme9ofWhAUui?clash=1|https://fastestcloud.xyz/api/v1/client/subscribe?token=de60d3fe393e66add2f0899480ebc240|https://www.wogwog.top/link/P71DYJkhmAvm5Zsn?clash=1|http://dy.luoxin.fun/link/PPdEIkxbta137R28?clash=1|https://v2board.co/api/v1/client/subscribe?token=98aebd8cb299b2cdd864d18e4dc95378|https://www.kakacloud.xyz/link/FJJUTn0cQe6v5Tac?clash=1|https://www.yzhxr.vip/link/ls9dV89n40kYDSoR?sub=3|https://www.ckcloud.xyz/api/v1/client/subscribe?token=2d61968bad485c4331e0fdd6fb6337b3|http://d.xyss.xyz/link/YrY1BsKlvFRyF3H4?clash=1|https://yjssub.pro/link/gKR8k64h8lqyh9z9?clash=1|https://www.ckcloud.xyz/api/v1/client/subscribe?token=99a671f9bbb993ff1ae4390344a6f537|https://quq.world/dee495db53a5db97a/link/AWSXyNGouKw320BG?sub=3|https://gfwairport.icu/api/v1/client/subscribe?token=43684bc36538e2747a2d7f268be96e3b|https://feiniaoyun.xyz/api/v1/client/subscribe?token=84de35f8615972ebc789e0a527b4d022",
    "update_method": "update_airports",
    "enabled": true
  },
  {
    "id": 6,
    "remarks": "vpei/Free-Node-Merge",
    "site": "https://github.com/vpei/Free-Node-Merge",
    "url": "https://raw.githubusercontent.com/vpei/Free-Node-Merge/main/res/nod-0.txt|https://raw.githubusercontent.com/vpei/Free-Node-Merge/main/res/nod-1.txt|https://raw.githubusercontent.com/vpei/Free-Node-Merge/main/res/nod-2.txt|https://raw.githubusercontent.com/vpei/Free-Node-Merge/main/res/nod-3.txt|https://raw.githubusercontent.com/vpei/Free-Node-Merge/main/res/nod-4.txt|https://raw.githubusercontent.com/vpei/Free-Node-Merge/main/res/nod-5.txt",
    "update_method": "auto",
    "enabled": false,
    "description": "out.txt has been removed, new links are way too big - disabled for now"
  },
  {
    "id": 7,
    "remarks": "colatiger/v2ray-nodes",
    "site": "https://github.com/colatiger/v2ray-nodes",
    "url": "https://bitbucket.org/huwo1/proxy_nodes/raw/b90856fe7cb9c666223f3ad41c87d0e60c711590/proxy.md|https://bitbucket.org/huwo1/proxy_nodes/raw/f31ca9ec67b84071515729ff45b011b6b09c10f2/clash.yaml",
    "update_method": "auto",
    "enabled": true
  },
  {
    "id": 8,
    "remarks": "oslook/clash-freenode",
    "site": "https://github.com/oslook/clash-freenode",
    "url": "https://raw.githubusercontent.com/openrunner/clash-freenode/main/clash.yaml",
    "update_method": "auto",
    "enabled": true
  },
  {
    "id": 9,
    "remarks": "ssrsub/ssr",
    "site": "https://github.com/ssrsub/ssr",
    "url": "https://raw.githubusercontent.com/ssrsub/ssr/master/V2Ray|https://raw.githubusercontent.com/ssrsub/ssr/master/ss-sub|https://raw.githubusercontent.com/ssrsub/ssr/master/ssrsub|https://raw.githubusercontent.com/ssrsub/ssr/master/trojan|https://raw.githubusercontent.com/ssrsub/ssr/master/Clash.yml",
    "update_method": "auto",
    "enabled": true
  },
  {
    "id": 10,
    "remarks": "Leon406/SubCrawler",
    "site": "https://github.com/Leon406/SubCrawler",
    "url": "https://raw.githubusercontent.com/Leon406/SubCrawler/main/sub/share/all",
    "update_method": "auto",
    "enabled": true
  },
  {
    "id": 11,
    "remarks": "yu-steven/openit",
    "site": "https://github.com/yu-steven/openit",
    "url": "https://raw.daycat.space/Clash.yaml|https://raw.githubusercontent.com/yu-steven/openit/main/sub/url2|https://raw.githubusercontent.com/yu-steven/openit/main/Clash.yaml",
    "update_method": "auto",
    "enabled": false
  }
]